location,avg_temperature,avg_humidity
BuildingA_Floor2,25.250946969696965,55.996515151515155
BuildingB_Floor2,25.218620689655154,55.33383620689655
BuildingB_Floor1,24.797528957528954,55.24687258687257
BuildingA_Floor1,24.726163265306123,54.477755102040796
