sensor_id,avg_temp,rank_temp
1093,29.52571428571429,1
1028,29.12285714285714,2
1026,28.80125,3
1018,28.262,4
1051,28.136000000000003,5
